IpClinet,ActorIpAddress,ResultStatus,CreationTime
185.23.175.82,185.23.175.82,Succeeded,2018-11-04T08:49:17
185.23.175.82,185.23.175.82,Succeeded,2018-11-04T08:49:10
185.23.175.82,185.23.175.82,Succeeded,2018-11-04T08:49:10
185.23.175.82,185.23.175.82,Succeeded,2018-11-04T08:49:05
185.23.175.82,185.23.175.82,Succeeded,2018-11-04T08:48:58
185.23.175.82,185.23.175.82,Succeeded,2018-11-04T08:47:48
185.23.175.82,185.23.175.82,Succeeded,2018-11-04T08:47:26
185.23.175.82,185.23.175.82,Succeeded,2018-11-04T08:47:26
185.23.175.82,185.23.175.82,Succeeded,2018-11-04T08:47:07
185.23.175.82,185.23.175.82,Succeeded,2018-11-04T08:46:59
185.23.175.82,185.23.175.82,Succeeded,2018-11-04T08:46:49
185.23.175.82,185.23.175.82,Succeeded,2018-11-04T08:46:40
185.23.175.82,185.23.175.82,Succeeded,2018-11-04T08:46:40
,,Succeeded,2018-11-04T08:39:31
,,Succeeded,2018-11-04T08:39:31
,,Succeeded,2018-11-04T08:39:31
,,Succeeded,2018-11-04T08:38:51
185.23.175.82,185.23.175.82,Succeeded,2018-11-04T08:38:24
185.23.175.82,185.23.175.82,Succeeded,2018-11-04T08:38:24
185.23.175.82,185.23.175.82,Succeeded,2018-11-04T08:38:22
185.23.175.82,185.23.175.82,Succeeded,2018-11-04T08:38:22
185.23.175.82,185.23.175.82,Succeeded,2018-11-04T08:37:59
,,Succeeded,2018-11-04T08:37:59
,,Succeeded,2018-11-04T08:37:58
,,Succeeded,2018-11-04T08:37:58
,,Succeeded,2018-11-04T08:37:58
,,Succeeded,2018-11-04T08:37:58
,,Succeeded,2018-11-04T08:37:53
,,Succeeded,2018-11-04T08:37:53
185.23.175.82,185.23.175.82,Succeeded,2018-11-04T09:56:47
185.23.175.82,185.23.175.82,Succeeded,2018-11-04T09:56:47
185.23.175.82,185.23.175.82,Succeeded,2018-11-04T09:16:45
185.23.175.82,185.23.175.82,Succeeded,2018-11-04T09:16:45
185.23.175.82,185.23.175.82,Succeeded,2018-11-04T09:16:44
185.23.175.82,185.23.175.82,Succeeded,2018-11-04T09:16:44
185.23.175.82,185.23.175.82,Succeeded,2018-11-04T09:16:44
185.23.175.82,185.23.175.82,Succeeded,2018-11-04T09:16:44
185.23.175.82,185.23.175.82,Succeeded,2018-11-04T09:16:24
185.23.175.82,185.23.175.82,Succeeded,2018-11-04T09:13:42
185.23.175.82,185.23.175.82,Succeeded,2018-11-04T09:12:53
185.23.175.82,185.23.175.82,Succeeded,2018-11-04T09:11:31
185.23.175.82,185.23.175.82,Succeeded,2018-11-04T09:09:53
185.23.175.82,185.23.175.82,Succeeded,2018-11-04T10:58:41
185.23.175.82,185.23.175.82,Succeeded,2018-11-04T10:48:59
185.23.175.82,185.23.175.82,Succeeded,2018-11-04T10:48:50
185.23.175.82,185.23.175.82,Succeeded,2018-11-04T10:48:32
<null>,,Success : Record Truncated,2018-11-04T12:30:34
185.23.175.82,185.23.175.82,Succeeded,2018-11-04T12:28:41
<null>,,Success : Record Truncated,2018-11-04T12:26:32
8.39.144.254,8.39.144.254,Succeeded,2018-11-04T13:32:06
8.39.144.250,8.39.144.250,Succeeded,2018-11-04T13:30:21
8.39.144.252,8.39.144.252,Succeeded,2018-11-04T13:30:04
8.39.144.253,8.39.144.253,Succeeded,2018-11-04T13:30:03
185.23.175.82,185.23.175.82,Succeeded,2018-11-04T13:09:41
185.23.175.82,185.23.175.82,Succeeded,2018-11-04T13:09:28
185.23.175.82,185.23.175.82,Succeeded,2018-11-04T13:09:28
,,Succeeded,2018-11-04T14:51:09
185.23.175.82,185.23.175.82,Succeeded,2018-11-04T14:46:49
185.23.175.82,185.23.175.82,Succeeded,2018-11-04T14:46:49
185.23.175.82,185.23.175.82,Succeeded,2018-11-04T14:46:45
185.23.175.82,185.23.175.82,Succeeded,2018-11-04T14:46:42
185.23.175.82,185.23.175.82,Succeeded,2018-11-04T14:46:37
185.23.175.82,185.23.175.82,Succeeded,2018-11-04T14:46:34
8.39.144.249,8.39.144.249,Succeeded,2018-11-04T14:37:52
,,Succeeded,2018-11-04T14:27:46
185.23.175.82,185.23.175.82,Succeeded,2018-11-04T14:26:41
185.23.175.82,185.23.175.82,Succeeded,2018-11-04T14:26:41
185.23.175.82,185.23.175.82,Succeeded,2018-11-04T14:26:41
185.23.175.82,185.23.175.82,Succeeded,2018-11-04T14:26:41
185.23.175.82,185.23.175.82,Succeeded,2018-11-04T14:26:38
185.23.175.82,185.23.175.82,Succeeded,2018-11-04T14:26:38
185.23.175.82,185.23.175.82,Succeeded,2018-11-04T14:26:34
185.23.175.82,185.23.175.82,Succeeded,2018-11-04T14:26:29
<null>,,Failure : Record Truncated,2018-11-04T14:25:39
<null>,,Failure : Record Truncated,2018-11-04T14:25:39
<null>,,Success : Record Truncated,2018-11-04T14:25:39
185.23.175.82,185.23.175.82,Succeeded,2018-11-04T14:25:38
185.23.175.82,185.23.175.82,Succeeded,2018-11-04T14:24:32
185.23.175.82,185.23.175.82,Succeeded,2018-11-04T14:24:31
185.23.175.82,185.23.175.82,Succeeded,2018-11-04T14:24:29
185.23.175.82,185.23.175.82,Succeeded,2018-11-04T14:24:26
185.23.175.82,185.23.175.82,Succeeded,2018-11-04T14:24:26
8.39.144.251,8.39.144.251,Succeeded,2018-11-04T14:19:09
185.23.175.82,185.23.175.82,Succeeded,2018-11-04T14:17:52
185.23.175.82,185.23.175.82,Succeeded,2018-11-04T14:17:50
185.23.175.82,185.23.175.82,Succeeded,2018-11-04T14:17:50
185.23.175.82,185.23.175.82,Succeeded,2018-11-04T15:26:49
185.23.175.82,185.23.175.82,Succeeded,2018-11-04T15:10:04
185.23.175.82,185.23.175.82,Succeeded,2018-11-04T15:10:02
185.23.175.82,185.23.175.82,Succeeded,2018-11-04T15:09:59
185.23.175.82,185.23.175.82,Succeeded,2018-11-04T15:08:28
185.23.175.82,185.23.175.82,Succeeded,2018-11-04T15:08:26
185.23.175.82,185.23.175.82,Succeeded,2018-11-04T15:08:26
185.23.175.82,185.23.175.82,Succeeded,2018-11-04T15:08:21
185.23.175.82,185.23.175.82,Succeeded,2018-11-04T15:08:21
185.23.175.82,185.23.175.82,Succeeded,2018-11-04T15:02:30
185.23.175.82,185.23.175.82,Succeeded,2018-11-04T15:02:26
185.23.175.82,185.23.175.82,Succeeded,2018-11-04T15:02:22
185.24.218.182,185.24.218.182,Succeeded,2018-11-04T17:50:21
185.24.218.182,185.24.218.182,Succeeded,2018-11-04T17:50:19
185.24.218.182,185.24.218.182,Succeeded,2018-11-04T17:50:05
85.65.234.18,85.65.234.18,Succeeded,2018-11-04T17:28:41
,,True,2018-11-05T00:00:10
,,True,2018-11-05T04:17:56
,,True,2018-11-05T04:17:56
,,True,2018-11-05T04:17:55
,,True,2018-11-05T04:17:55
,,True,2018-11-05T04:17:55
,,True,2018-11-05T04:17:54
,,True,2018-11-05T04:17:54
,,True,2018-11-05T04:17:49
,,True,2018-11-05T04:17:46
,,True,2018-11-05T04:17:46
,,True,2018-11-05T04:17:45
,,True,2018-11-05T04:17:45
,,True,2018-11-05T04:17:44
,,True,2018-11-05T04:17:43
,,True,2018-11-05T04:17:43
,,True,2018-11-05T04:17:40
,,True,2018-11-05T04:17:37
,,True,2018-11-05T04:17:37
,,True,2018-11-05T04:17:37
,,True,2018-11-05T04:17:31
,,True,2018-11-05T04:17:30
,,True,2018-11-05T04:17:29
62.90.96.102,62.90.96.102,Succeeded,2018-11-05T07:18:48
,,Succeeded,2018-11-05T08:54:03
185.23.175.82,185.23.175.82,Succeeded,2018-11-05T08:54:03
185.23.175.82,185.23.175.82,Succeeded,2018-11-05T08:44:38
185.23.175.82,185.23.175.82,Succeeded,2018-11-05T08:44:37
185.23.175.82,185.23.175.82,Succeeded,2018-11-05T08:44:37
185.23.175.82,185.23.175.82,Succeeded,2018-11-05T08:44:37
185.23.175.82,185.23.175.82,Succeeded,2018-11-05T08:44:37
185.23.175.82,185.23.175.82,Succeeded,2018-11-05T08:44:37
185.23.175.82,185.23.175.82,Succeeded,2018-11-05T08:44:36
185.23.175.82,185.23.175.82,Succeeded,2018-11-05T08:44:36
185.23.175.82,185.23.175.82,Succeeded,2018-11-05T08:44:36
185.23.175.82,185.23.175.82,Succeeded,2018-11-05T08:44:36
185.23.175.82,185.23.175.82,Succeeded,2018-11-05T08:44:36
185.23.175.82,185.23.175.82,Succeeded,2018-11-05T08:44:36
185.23.175.82,185.23.175.82,Succeeded,2018-11-05T08:44:35
185.23.175.82,185.23.175.82,Succeeded,2018-11-05T08:44:35
185.23.175.82,185.23.175.82,Succeeded,2018-11-05T08:44:35
185.23.175.82,185.23.175.82,Succeeded,2018-11-05T08:44:35
185.23.175.82,185.23.175.82,Succeeded,2018-11-05T08:44:35
185.23.175.82,185.23.175.82,Succeeded,2018-11-05T08:44:35
185.23.175.82,185.23.175.82,Succeeded,2018-11-05T08:44:34
185.23.175.82,185.23.175.82,Succeeded,2018-11-05T08:44:34
185.23.175.82,185.23.175.82,Succeeded,2018-11-05T08:44:34
185.23.175.82,185.23.175.82,Succeeded,2018-11-05T08:44:34
185.23.175.82,185.23.175.82,Succeeded,2018-11-05T08:44:34
185.23.175.82,185.23.175.82,Succeeded,2018-11-05T08:44:34
185.23.175.82,185.23.175.82,Succeeded,2018-11-05T08:44:34
185.23.175.82,185.23.175.82,Succeeded,2018-11-05T08:44:33
185.23.175.82,185.23.175.82,Succeeded,2018-11-05T08:44:33
185.23.175.82,185.23.175.82,Succeeded,2018-11-05T08:44:33
185.23.175.82,185.23.175.82,Succeeded,2018-11-05T08:44:33
185.23.175.82,185.23.175.82,Succeeded,2018-11-05T08:44:14
62.90.96.102,62.90.96.102,Succeeded,2018-11-05T08:34:42
62.90.96.102,62.90.96.102,Succeeded,2018-11-05T08:34:37
62.90.96.102,62.90.96.102,Succeeded,2018-11-05T08:34:29
62.90.96.102,62.90.96.102,Succeeded,2018-11-05T08:34:22
62.90.96.102,62.90.96.102,Succeeded,2018-11-05T08:34:16
62.90.96.102,62.90.96.102,Succeeded,2018-11-05T08:34:05
62.90.96.102,62.90.96.102,Succeeded,2018-11-05T08:34:04
62.90.96.102,62.90.96.102,Succeeded,2018-11-05T08:34:04
62.90.96.102,62.90.96.102,Succeeded,2018-11-05T08:34:04
62.90.96.102,62.90.96.102,Succeeded,2018-11-05T08:34:03
,,Succeeded,2018-11-05T08:33:36
62.90.96.102,62.90.96.102,Succeeded,2018-11-05T08:33:34
62.90.96.102,62.90.96.102,Succeeded,2018-11-05T08:33:23
,,Succeeded,2018-11-05T09:24:49
8.39.144.254,8.39.144.254,Succeeded,2018-11-05T09:24:49
8.39.144.253,8.39.144.253,Succeeded,2018-11-05T09:05:20
,,Succeeded,2018-11-05T09:05:20
8.39.144.249,8.39.144.249,Succeeded,2018-11-05T09:05:17
,,Succeeded,2018-11-05T09:05:17
8.39.144.252,8.39.144.252,Succeeded,2018-11-05T09:05:16
,,Succeeded,2018-11-05T09:05:16
,,Succeeded,2018-11-05T09:04:10
8.39.144.250,8.39.144.250,Succeeded,2018-11-05T09:04:10
,,Succeeded,2018-11-05T09:04:02
8.39.144.251,8.39.144.251,Succeeded,2018-11-05T09:04:02
,,Succeeded,2018-11-05T09:03:15
8.39.144.251,8.39.144.251,Succeeded,2018-11-05T09:03:15
185.23.175.82,185.23.175.82,Succeeded,2018-11-05T11:44:50
185.23.175.82,185.23.175.82,Succeeded,2018-11-05T11:44:47
185.23.175.82,185.23.175.82,Succeeded,2018-11-05T11:44:47
,,Succeeded,2018-11-05T11:44:46
185.23.175.82,185.23.175.82,Succeeded,2018-11-05T11:44:45
185.23.175.82,185.23.175.82,Succeeded,2018-11-05T11:44:45
185.23.175.82,185.23.175.82,Succeeded,2018-11-05T11:44:38
8.36.116.208,8.36.116.208,Failed,2018-11-05T11:21:15
8.36.116.208,8.36.116.208,Failed,2018-11-05T11:21:15
8.36.116.210,8.36.116.210,Succeeded,2018-11-05T12:41:45
,,Succeeded,2018-11-05T12:41:45
8.36.116.210,8.36.116.210,Failed,2018-11-05T13:21:09
185.23.175.82,185.23.175.82,Succeeded,2018-11-06T07:44:58
185.23.175.82,185.23.175.82,Succeeded,2018-11-06T07:44:56
185.23.175.82,185.23.175.82,Succeeded,2018-11-06T07:44:52
185.23.175.82,185.23.175.82,Succeeded,2018-11-06T07:44:42
185.23.175.82,185.23.175.82,Succeeded,2018-11-06T07:44:35
,,Succeeded,2018-11-06T07:44:13
185.23.175.82,185.23.175.82,Succeeded,2018-11-06T07:44:10
185.23.175.82,185.23.175.82,Succeeded,2018-11-06T07:44:09
185.23.175.82,185.23.175.82,Succeeded,2018-11-06T07:44:09
185.23.175.82,185.23.175.82,Succeeded,2018-11-06T07:26:04
185.23.175.82,185.23.175.82,Succeeded,2018-11-06T07:26:03
185.23.175.82,185.23.175.82,Succeeded,2018-11-06T07:25:59
,,Succeeded,2018-11-06T07:25:59
185.23.175.82,185.23.175.82,Succeeded,2018-11-06T07:25:52
185.23.175.82,185.23.175.82,Failed,2018-11-06T07:25:44
185.23.175.82,185.23.175.82,Succeeded,2018-11-06T07:19:32
185.23.175.82,185.23.175.82,Succeeded,2018-11-06T07:17:27
,,Succeeded,2018-11-06T07:17:23
185.23.175.82,185.23.175.82,Succeeded,2018-11-06T07:17:23
185.23.175.82,185.23.175.82,Succeeded,2018-11-06T07:17:23
185.23.175.82,185.23.175.82,Succeeded,2018-11-06T07:17:22
185.23.175.82,185.23.175.82,Succeeded,2018-11-06T07:17:16
185.23.175.82,185.23.175.82,Succeeded,2018-11-06T07:16:40
8.39.144.251,8.39.144.251,Succeeded,2018-11-06T09:44:18
,,Succeeded,2018-11-06T09:44:18
185.23.175.82,185.23.175.82,Succeeded,2018-11-06T09:42:12
185.23.175.82,185.23.175.82,Succeeded,2018-11-06T09:42:09
185.23.175.82,185.23.175.82,Succeeded,2018-11-06T09:42:09
185.23.175.82,185.23.175.82,Succeeded,2018-11-06T09:42:03
8.39.144.249,8.39.144.249,Succeeded,2018-11-06T09:40:34
,,Succeeded,2018-11-06T09:40:34
8.39.144.252,8.39.144.252,Succeeded,2018-11-06T09:38:56
,,Succeeded,2018-11-06T09:38:56
,,Succeeded,2018-11-06T09:37:31
8.39.144.253,8.39.144.253,Succeeded,2018-11-06T09:37:31
8.39.144.254,8.39.144.254,Succeeded,2018-11-06T09:37:21
8.39.144.254,8.39.144.254,Succeeded,2018-11-06T09:37:21
8.39.144.254,8.39.144.254,Succeeded,2018-11-06T09:37:21
,,Succeeded,2018-11-06T09:37:21
8.39.144.254,8.39.144.254,Succeeded,2018-11-06T09:24:59
,,Succeeded,2018-11-06T09:24:59
8.39.144.253,8.39.144.253,Failed,2018-11-06T09:21:57
,,Succeeded,2018-11-06T09:18:22
8.39.144.251,8.39.144.251,Succeeded,2018-11-06T09:18:22
,,Succeeded,2018-11-06T09:08:12
8.39.144.253,8.39.144.253,Succeeded,2018-11-06T09:08:11
,,Succeeded,2018-11-06T09:06:24
8.39.144.252,8.39.144.252,Succeeded,2018-11-06T09:06:15
,,Succeeded,2018-11-06T09:06:15
8.39.144.250,8.39.144.250,Succeeded,2018-11-06T09:05:05
,,Succeeded,2018-11-06T09:05:05
8.39.144.251,8.39.144.251,Succeeded,2018-11-06T10:17:06
,,Succeeded,2018-11-06T10:17:06
8.36.116.208,8.36.116.208,Succeeded,2018-11-06T11:03:19
,,Succeeded,2018-11-06T11:03:19
8.39.144.251,8.39.144.251,Failed,2018-11-06T14:41:19
185.23.175.82,185.23.175.82,Succeeded,2018-11-04T08:49:17
185.23.175.82,185.23.175.82,Succeeded,2018-11-04T08:49:10
185.23.175.82,185.23.175.82,Succeeded,2018-11-04T08:49:10
185.23.175.82,185.23.175.82,Succeeded,2018-11-04T08:49:05
185.23.175.82,185.23.175.82,Succeeded,2018-11-04T08:48:58
185.23.175.82,185.23.175.82,Succeeded,2018-11-04T08:47:48
185.23.175.82,185.23.175.82,Succeeded,2018-11-04T08:47:26
185.23.175.82,185.23.175.82,Succeeded,2018-11-04T08:47:26
185.23.175.82,185.23.175.82,Succeeded,2018-11-04T08:47:07
185.23.175.82,185.23.175.82,Succeeded,2018-11-04T08:46:59
185.23.175.82,185.23.175.82,Succeeded,2018-11-04T08:46:49
185.23.175.82,185.23.175.82,Succeeded,2018-11-04T08:46:40
185.23.175.82,185.23.175.82,Succeeded,2018-11-04T08:46:40
,,Succeeded,2018-11-04T08:39:31
,,Succeeded,2018-11-04T08:39:31
,,Succeeded,2018-11-04T08:39:31
,,Succeeded,2018-11-04T08:38:51
185.23.175.82,185.23.175.82,Succeeded,2018-11-04T08:38:24
185.23.175.82,185.23.175.82,Succeeded,2018-11-04T08:38:24
185.23.175.82,185.23.175.82,Succeeded,2018-11-04T08:38:22
185.23.175.82,185.23.175.82,Succeeded,2018-11-04T08:38:22
185.23.175.82,185.23.175.82,Succeeded,2018-11-04T08:37:59
,,Succeeded,2018-11-04T08:37:59
,,Succeeded,2018-11-04T08:37:58
,,Succeeded,2018-11-04T08:37:58
,,Succeeded,2018-11-04T08:37:58
,,Succeeded,2018-11-04T08:37:58
,,Succeeded,2018-11-04T08:37:53
,,Succeeded,2018-11-04T08:37:53
185.23.175.82,185.23.175.82,Succeeded,2018-11-04T09:56:47
185.23.175.82,185.23.175.82,Succeeded,2018-11-04T09:56:47
185.23.175.82,185.23.175.82,Succeeded,2018-11-04T09:16:45
185.23.175.82,185.23.175.82,Succeeded,2018-11-04T09:16:45
185.23.175.82,185.23.175.82,Succeeded,2018-11-04T09:16:44
185.23.175.82,185.23.175.82,Succeeded,2018-11-04T09:16:44
185.23.175.82,185.23.175.82,Succeeded,2018-11-04T09:16:44
185.23.175.82,185.23.175.82,Succeeded,2018-11-04T09:16:44
185.23.175.82,185.23.175.82,Succeeded,2018-11-04T09:16:24
185.23.175.82,185.23.175.82,Succeeded,2018-11-04T09:13:42
185.23.175.82,185.23.175.82,Succeeded,2018-11-04T09:12:53
185.23.175.82,185.23.175.82,Succeeded,2018-11-04T09:11:31
185.23.175.82,185.23.175.82,Succeeded,2018-11-04T09:09:53
185.23.175.82,185.23.175.82,Succeeded,2018-11-04T10:58:41
185.23.175.82,185.23.175.82,Succeeded,2018-11-04T10:48:59
185.23.175.82,185.23.175.82,Succeeded,2018-11-04T10:48:50
185.23.175.82,185.23.175.82,Succeeded,2018-11-04T10:48:32
<null>,,Success : Record Truncated,2018-11-04T12:30:34
185.23.175.82,185.23.175.82,Succeeded,2018-11-04T12:28:41
<null>,,Success : Record Truncated,2018-11-04T12:26:32
8.39.144.254,8.39.144.254,Succeeded,2018-11-04T13:32:06
8.39.144.250,8.39.144.250,Succeeded,2018-11-04T13:30:21
8.39.144.252,8.39.144.252,Succeeded,2018-11-04T13:30:04
8.39.144.253,8.39.144.253,Succeeded,2018-11-04T13:30:03
185.23.175.82,185.23.175.82,Succeeded,2018-11-04T13:09:41
185.23.175.82,185.23.175.82,Succeeded,2018-11-04T13:09:28
185.23.175.82,185.23.175.82,Succeeded,2018-11-04T13:09:28
,,Succeeded,2018-11-04T14:51:09
185.23.175.82,185.23.175.82,Succeeded,2018-11-04T14:46:49
185.23.175.82,185.23.175.82,Succeeded,2018-11-04T14:46:49
185.23.175.82,185.23.175.82,Succeeded,2018-11-04T14:46:45
185.23.175.82,185.23.175.82,Succeeded,2018-11-04T14:46:42
185.23.175.82,185.23.175.82,Succeeded,2018-11-04T14:46:37
185.23.175.82,185.23.175.82,Succeeded,2018-11-04T14:46:34
8.39.144.249,8.39.144.249,Succeeded,2018-11-04T14:37:52
,,Succeeded,2018-11-04T14:27:46
185.23.175.82,185.23.175.82,Succeeded,2018-11-04T14:26:41
185.23.175.82,185.23.175.82,Succeeded,2018-11-04T14:26:41
185.23.175.82,185.23.175.82,Succeeded,2018-11-04T14:26:41
185.23.175.82,185.23.175.82,Succeeded,2018-11-04T14:26:41
185.23.175.82,185.23.175.82,Succeeded,2018-11-04T14:26:38
185.23.175.82,185.23.175.82,Succeeded,2018-11-04T14:26:38
185.23.175.82,185.23.175.82,Succeeded,2018-11-04T14:26:34
185.23.175.82,185.23.175.82,Succeeded,2018-11-04T14:26:29
<null>,,Failure : Record Truncated,2018-11-04T14:25:39
<null>,,Failure : Record Truncated,2018-11-04T14:25:39
<null>,,Success : Record Truncated,2018-11-04T14:25:39
185.23.175.82,185.23.175.82,Succeeded,2018-11-04T14:25:38
185.23.175.82,185.23.175.82,Succeeded,2018-11-04T14:24:32
185.23.175.82,185.23.175.82,Succeeded,2018-11-04T14:24:31
185.23.175.82,185.23.175.82,Succeeded,2018-11-04T14:24:29
185.23.175.82,185.23.175.82,Succeeded,2018-11-04T14:24:26
185.23.175.82,185.23.175.82,Succeeded,2018-11-04T14:24:26
8.39.144.251,8.39.144.251,Succeeded,2018-11-04T14:19:09
185.23.175.82,185.23.175.82,Succeeded,2018-11-04T14:17:52
185.23.175.82,185.23.175.82,Succeeded,2018-11-04T14:17:50
185.23.175.82,185.23.175.82,Succeeded,2018-11-04T14:17:50
185.23.175.82,185.23.175.82,Succeeded,2018-11-04T15:26:49
185.23.175.82,185.23.175.82,Succeeded,2018-11-04T15:10:04
185.23.175.82,185.23.175.82,Succeeded,2018-11-04T15:10:02
185.23.175.82,185.23.175.82,Succeeded,2018-11-04T15:09:59
185.23.175.82,185.23.175.82,Succeeded,2018-11-04T15:08:28
185.23.175.82,185.23.175.82,Succeeded,2018-11-04T15:08:26
185.23.175.82,185.23.175.82,Succeeded,2018-11-04T15:08:26
185.23.175.82,185.23.175.82,Succeeded,2018-11-04T15:08:21
185.23.175.82,185.23.175.82,Succeeded,2018-11-04T15:08:21
185.23.175.82,185.23.175.82,Succeeded,2018-11-04T15:02:30
185.23.175.82,185.23.175.82,Succeeded,2018-11-04T15:02:26
185.23.175.82,185.23.175.82,Succeeded,2018-11-04T15:02:22
185.24.218.182,185.24.218.182,Succeeded,2018-11-04T17:50:21
185.24.218.182,185.24.218.182,Succeeded,2018-11-04T17:50:19
185.24.218.182,185.24.218.182,Succeeded,2018-11-04T17:50:05
85.65.234.18,85.65.234.18,Succeeded,2018-11-04T17:28:41
,,True,2018-11-05T00:00:10
,,True,2018-11-05T04:17:56
,,True,2018-11-05T04:17:56
,,True,2018-11-05T04:17:55
,,True,2018-11-05T04:17:55
,,True,2018-11-05T04:17:55
,,True,2018-11-05T04:17:54
,,True,2018-11-05T04:17:54
,,True,2018-11-05T04:17:49
,,True,2018-11-05T04:17:46
,,True,2018-11-05T04:17:46
,,True,2018-11-05T04:17:45
,,True,2018-11-05T04:17:45
,,True,2018-11-05T04:17:44
,,True,2018-11-05T04:17:43
,,True,2018-11-05T04:17:43
,,True,2018-11-05T04:17:40
,,True,2018-11-05T04:17:37
,,True,2018-11-05T04:17:37
,,True,2018-11-05T04:17:37
,,True,2018-11-05T04:17:31
,,True,2018-11-05T04:17:30
,,True,2018-11-05T04:17:29
62.90.96.102,62.90.96.102,Succeeded,2018-11-05T07:18:48
,,Succeeded,2018-11-05T08:54:03
185.23.175.82,185.23.175.82,Succeeded,2018-11-05T08:54:03
185.23.175.82,185.23.175.82,Succeeded,2018-11-05T08:44:38
185.23.175.82,185.23.175.82,Succeeded,2018-11-05T08:44:37
185.23.175.82,185.23.175.82,Succeeded,2018-11-05T08:44:37
185.23.175.82,185.23.175.82,Succeeded,2018-11-05T08:44:37
185.23.175.82,185.23.175.82,Succeeded,2018-11-05T08:44:37
185.23.175.82,185.23.175.82,Succeeded,2018-11-05T08:44:37
185.23.175.82,185.23.175.82,Succeeded,2018-11-05T08:44:36
185.23.175.82,185.23.175.82,Succeeded,2018-11-05T08:44:36
185.23.175.82,185.23.175.82,Succeeded,2018-11-05T08:44:36
185.23.175.82,185.23.175.82,Succeeded,2018-11-05T08:44:36
185.23.175.82,185.23.175.82,Succeeded,2018-11-05T08:44:36
185.23.175.82,185.23.175.82,Succeeded,2018-11-05T08:44:36
185.23.175.82,185.23.175.82,Succeeded,2018-11-05T08:44:35
185.23.175.82,185.23.175.82,Succeeded,2018-11-05T08:44:35
185.23.175.82,185.23.175.82,Succeeded,2018-11-05T08:44:35
185.23.175.82,185.23.175.82,Succeeded,2018-11-05T08:44:35
185.23.175.82,185.23.175.82,Succeeded,2018-11-05T08:44:35
185.23.175.82,185.23.175.82,Succeeded,2018-11-05T08:44:35
185.23.175.82,185.23.175.82,Succeeded,2018-11-05T08:44:34
185.23.175.82,185.23.175.82,Succeeded,2018-11-05T08:44:34
185.23.175.82,185.23.175.82,Succeeded,2018-11-05T08:44:34
185.23.175.82,185.23.175.82,Succeeded,2018-11-05T08:44:34
185.23.175.82,185.23.175.82,Succeeded,2018-11-05T08:44:34
185.23.175.82,185.23.175.82,Succeeded,2018-11-05T08:44:34
185.23.175.82,185.23.175.82,Succeeded,2018-11-05T08:44:34
185.23.175.82,185.23.175.82,Succeeded,2018-11-05T08:44:33
185.23.175.82,185.23.175.82,Succeeded,2018-11-05T08:44:33
185.23.175.82,185.23.175.82,Succeeded,2018-11-05T08:44:33
185.23.175.82,185.23.175.82,Succeeded,2018-11-05T08:44:33
185.23.175.82,185.23.175.82,Succeeded,2018-11-05T08:44:14
62.90.96.102,62.90.96.102,Succeeded,2018-11-05T08:34:42
62.90.96.102,62.90.96.102,Succeeded,2018-11-05T08:34:37
62.90.96.102,62.90.96.102,Succeeded,2018-11-05T08:34:29
62.90.96.102,62.90.96.102,Succeeded,2018-11-05T08:34:22
62.90.96.102,62.90.96.102,Succeeded,2018-11-05T08:34:16
62.90.96.102,62.90.96.102,Succeeded,2018-11-05T08:34:05
62.90.96.102,62.90.96.102,Succeeded,2018-11-05T08:34:04
62.90.96.102,62.90.96.102,Succeeded,2018-11-05T08:34:04
62.90.96.102,62.90.96.102,Succeeded,2018-11-05T08:34:04
62.90.96.102,62.90.96.102,Succeeded,2018-11-05T08:34:03
,,Succeeded,2018-11-05T08:33:36
62.90.96.102,62.90.96.102,Succeeded,2018-11-05T08:33:34
62.90.96.102,62.90.96.102,Succeeded,2018-11-05T08:33:23
,,Succeeded,2018-11-05T09:24:49
8.39.144.254,8.39.144.254,Succeeded,2018-11-05T09:24:49
8.39.144.253,8.39.144.253,Succeeded,2018-11-05T09:05:20
,,Succeeded,2018-11-05T09:05:20
8.39.144.249,8.39.144.249,Succeeded,2018-11-05T09:05:17
,,Succeeded,2018-11-05T09:05:17
8.39.144.252,8.39.144.252,Succeeded,2018-11-05T09:05:16
,,Succeeded,2018-11-05T09:05:16
8.39.144.250,8.39.144.250,Succeeded,2018-11-05T09:04:10
,,Succeeded,2018-11-05T09:04:10
,,Succeeded,2018-11-05T09:04:02
8.39.144.251,8.39.144.251,Succeeded,2018-11-05T09:04:02
,,Succeeded,2018-11-05T09:03:15
8.39.144.251,8.39.144.251,Succeeded,2018-11-05T09:03:15
185.23.175.82,185.23.175.82,Succeeded,2018-11-05T11:44:50
185.23.175.82,185.23.175.82,Succeeded,2018-11-05T11:44:47
185.23.175.82,185.23.175.82,Succeeded,2018-11-05T11:44:47
,,Succeeded,2018-11-05T11:44:46
185.23.175.82,185.23.175.82,Succeeded,2018-11-05T11:44:45
185.23.175.82,185.23.175.82,Succeeded,2018-11-05T11:44:45
185.23.175.82,185.23.175.82,Succeeded,2018-11-05T11:44:38
8.36.116.208,8.36.116.208,Failed,2018-11-05T11:21:15
8.36.116.208,8.36.116.208,Failed,2018-11-05T11:21:15
8.36.116.210,8.36.116.210,Succeeded,2018-11-05T12:41:45
,,Succeeded,2018-11-05T12:41:45
8.36.116.210,8.36.116.210,Failed,2018-11-05T13:21:09
185.23.175.82,185.23.175.82,Succeeded,2018-11-06T07:44:58
185.23.175.82,185.23.175.82,Succeeded,2018-11-06T07:44:56
185.23.175.82,185.23.175.82,Succeeded,2018-11-06T07:44:52
185.23.175.82,185.23.175.82,Succeeded,2018-11-06T07:44:42
185.23.175.82,185.23.175.82,Succeeded,2018-11-06T07:44:35
,,Succeeded,2018-11-06T07:44:13
185.23.175.82,185.23.175.82,Succeeded,2018-11-06T07:44:10
185.23.175.82,185.23.175.82,Succeeded,2018-11-06T07:44:09
185.23.175.82,185.23.175.82,Succeeded,2018-11-06T07:44:09
185.23.175.82,185.23.175.82,Succeeded,2018-11-06T07:26:04
185.23.175.82,185.23.175.82,Succeeded,2018-11-06T07:26:03
185.23.175.82,185.23.175.82,Succeeded,2018-11-06T07:25:59
,,Succeeded,2018-11-06T07:25:59
185.23.175.82,185.23.175.82,Succeeded,2018-11-06T07:25:52
185.23.175.82,185.23.175.82,Failed,2018-11-06T07:25:44
185.23.175.82,185.23.175.82,Succeeded,2018-11-06T07:19:32
185.23.175.82,185.23.175.82,Succeeded,2018-11-06T07:17:27
,,Succeeded,2018-11-06T07:17:23
185.23.175.82,185.23.175.82,Succeeded,2018-11-06T07:17:23
185.23.175.82,185.23.175.82,Succeeded,2018-11-06T07:17:23
185.23.175.82,185.23.175.82,Succeeded,2018-11-06T07:17:22
185.23.175.82,185.23.175.82,Succeeded,2018-11-06T07:17:16
185.23.175.82,185.23.175.82,Succeeded,2018-11-06T07:16:40
,,Succeeded,2018-11-06T09:44:18
8.39.144.251,8.39.144.251,Succeeded,2018-11-06T09:44:18
185.23.175.82,185.23.175.82,Succeeded,2018-11-06T09:42:12
185.23.175.82,185.23.175.82,Succeeded,2018-11-06T09:42:09
185.23.175.82,185.23.175.82,Succeeded,2018-11-06T09:42:09
185.23.175.82,185.23.175.82,Succeeded,2018-11-06T09:42:03
8.39.144.249,8.39.144.249,Succeeded,2018-11-06T09:40:34
,,Succeeded,2018-11-06T09:40:34
8.39.144.252,8.39.144.252,Succeeded,2018-11-06T09:38:56
,,Succeeded,2018-11-06T09:38:56
,,Succeeded,2018-11-06T09:37:31
8.39.144.253,8.39.144.253,Succeeded,2018-11-06T09:37:31
8.39.144.254,8.39.144.254,Succeeded,2018-11-06T09:37:21
8.39.144.254,8.39.144.254,Succeeded,2018-11-06T09:37:21
8.39.144.254,8.39.144.254,Succeeded,2018-11-06T09:37:21
,,Succeeded,2018-11-06T09:37:21
8.39.144.254,8.39.144.254,Succeeded,2018-11-06T09:24:59
,,Succeeded,2018-11-06T09:24:59
8.39.144.253,8.39.144.253,Failed,2018-11-06T09:21:57
,,Succeeded,2018-11-06T09:18:22
8.39.144.251,8.39.144.251,Succeeded,2018-11-06T09:18:22
,,Succeeded,2018-11-06T09:08:12
8.39.144.253,8.39.144.253,Succeeded,2018-11-06T09:08:11
,,Succeeded,2018-11-06T09:06:24
8.39.144.252,8.39.144.252,Succeeded,2018-11-06T09:06:15
,,Succeeded,2018-11-06T09:06:15
8.39.144.250,8.39.144.250,Succeeded,2018-11-06T09:05:05
,,Succeeded,2018-11-06T09:05:05
,,Succeeded,2018-11-06T10:17:06
8.39.144.251,8.39.144.251,Succeeded,2018-11-06T10:17:06
8.36.116.208,8.36.116.208,Succeeded,2018-11-06T11:03:19
,,Succeeded,2018-11-06T11:03:19
8.39.144.251,8.39.144.251,Failed,2018-11-06T14:41:19
